,dim,total_sample,total_class,reduced_dim,load_data_runtime,total_runtime,memory_usage
0,4,50,2,2,26.59326171875,42.253173828125,61.11328125
1,4,100,2,2,27.917236328125,30.4833984375,61.4296875
