,dim,total_sample,total_class,reduce_dim,load_data_runtime,total_runtime,memory_usage
0,4,50,2,2,97.7734375,232.625244140625,60.91015625
1,4,100,2,2,32.6982421875,37.667724609375,61.27734375
