Dimension,Python,Scala
4,64.59375,490
8,68.78125,552
12,79.703125,481
16,72.16796875,494
20,83.11328125,283
24,87.73828125,587
28,88.45703125,337